{
  "id": "sharedcompendia",
  "title": "sharedcompendia",
  "description": "Creates default set of compendia that are shared across Foundry VTT worlds hosted on the same server.",
  "authors": [
    {
      "name": "Stephan Schölzel",
      "flags": {}
    },
    {
      "name": "Napoleone Piani",
      "flags": {}
    }
  ],
  "version": "1.3.0",
  "compatibility": {
    "minimum": "10",
    "verified": "10"
  },
  "packs": [
    {
      "name": "adventures",
      "system": "dnd5e",
      "label": "Adventures (shared)",
      "path": "packs/adventures.db",
      "type": "Adventure",
      "private": false,
      "flags": {}
    },
    {
      "name": "actors",
      "system": "dnd5e",
      "label": "Actors (shared)",
      "path": "packs/actors.db",
      "type": "Actor",
      "private": false,
      "flags": {}
    },
    {
      "name": "races",
      "system": "dnd5e",
      "label": "Races (shared)",
      "path": "packs/races.db",
      "type": "Item",
      "private": false,
      "flags": {}
    },	
    {
      "name": "racial traits",
      "system": "dnd5e",
      "label": "Racial Traits (shared)",
      "path": "packs/racialtraits.db",
      "type": "Item",
      "private": false,
      "flags": {}
    },		
    {
      "name": "vehicles",
      "system": "dnd5e",
      "label": "Vehicles (shared)",
      "path": "packs/Vehicles.db",
      "type": "Actor",
      "private": false,
      "flags": {}
    },	
    {
      "name": "monsters",
      "system": "dnd5e",
      "label": "Monsters (shared)",
      "path": "packs/monsters.db",
      "type": "Actor",
      "private": false,
      "flags": {}
    },
    {
      "name": "items",
      "system": "dnd5e",
      "label": "Items (shared)",
      "path": "packs/items.db",
      "type": "Item",
      "private": false,
      "flags": {}
    },
    {
      "name": "spells",
      "system": "dnd5e",
      "label": "Spells (shared)",
      "path": "packs/spells.db",
      "type": "Item",
      "private": false,
      "flags": {}
    },
    {
      "name": "classes",
      "system": "dnd5e",
      "label": "Classes (shared)",
      "path": "packs/classes.db",
      "type": "Item",
      "private": false,
      "flags": {}
    },
    {
      "name": "backgrounds",
      "system": "dnd5e",
      "label": "Backgrounds (shared)",
      "path": "packs/backgrounds.db",
      "type": "Item",
      "private": false,
      "flags": {}
    },	
    {
      "name": "subclasses",
      "system": "dnd5e",
      "label": "Subclasses (shared)",
      "path": "packs/subclasses.db",
      "type": "Item",
      "private": false,
      "flags": {}
    },
    {
      "name": "feats",
      "system": "dnd5e",
      "label": "Feats (shared)",
      "path": "packs/feats.db",
      "type": "Item",
      "private": false,
      "flags": {}
    },
    {
      "name": "class features",
      "system": "dnd5e",
      "label": "Class Features (shared)",
      "path": "packs/classfeatures.db",
      "type": "Item",
      "private": false,
      "flags": {}
    },	
    {
      "name": "scenes",
      "system": "dnd5e",
      "label": "Scenes (shared)",
      "path": "packs/scenes.db",
      "type": "Scene",
      "private": false,
      "flags": {}
    },
    {
      "name": "JournalEntries",
      "system": "dnd5e",
      "label": "Journal Entries (shared)",
      "path": "packs/journalentry.db",
      "type": "JournalEntry",
      "private": false,
      "flags": {}
    },
    {
      "name": "macros",
      "system": "dnd5e",
      "label": "Macros (shared)",
      "path": "packs/macro.db",
      "type": "Macro",
      "private": false,
      "flags": {}
    },
    {
      "name": "rolltables",
      "system": "dnd5e",
      "label": "Roll Tables (shared)",
      "path": "packs/rolltables.db",
      "type": "RollTable",
      "private": false,
      "flags": {}
    },
    {
      "name": "playlist",
      "system": "dnd5e",
      "label": "Playlist (shared)",
      "path": "packs/playlist.db",
      "type": "Playlist",
      "private": false,
      "flags": {}
    }
  ],
  "download": "https://github.com/sizzlewow/shared-compendium/blob/main/v1-0-0.zip",
  "manifest": "https://raw.githubusercontent.com/sizzlewow/shared-compendium/main/module.json",
  "url": ""
}